Target page,Incoming links,Linking sites
https://www.thisisbarry.com/film/stree-ending-explained-2018-hindi-film/,753,17
https://www.thisisbarry.com/,192,58
https://www.thisisbarry.com/film/donnie-darko-2001-movie-plot-ending-explained/,174,74
https://www.thisisbarry.com/film/arrival-2016-movie-plot-ending-explained/,170,70
https://www.thisisbarry.com/film/predestination-2014-movie-plot-ending-explained/,154,64
https://www.thisisbarry.com/film/the-matrix-resurrections-explained-plot-and-ending/,135,16
https://www.thisisbarry.com/film/the-matrix-1999-movie-plot-simplified-ending-explained/,128,56
https://www.thisisbarry.com/film/best-time-travel-movies-ranked-by-battr-score/,120,42
https://www.thisisbarry.com/film/the-house-that-jack-built-ending-explained/,104,6
https://www.thisisbarry.com/film/inception-2010-movie-plot-ending-explained/,103,48
https://www.thisisbarry.com/movie/sense8-cast-and-easter-eggs-in-the-matrix-resurrections/,91,8
https://www.thisisbarry.com/film/tenet-explained-in-detail-with-timeline-diagrams/,81,38
https://www.thisisbarry.com/film/v-for-vendetta-2006-movie-vs-graphic-novel-explained/,75,36
https://www.thisisbarry.com/film/all-marvel-movies-explained-in-order-of-story-timeline/,72,27
https://www.thisisbarry.com/film/memento-2000-movie-plot-simplified-ending-explained/,71,32
https://www.thisisbarry.com/film/hwayi-a-monster-boy-2013-movie-plot-ending-explained/,67,51
https://www.thisisbarry.com/film/the-autopsy-of-jane-doe-2016-movie-plot-ending-explained/,66,18
https://www.thisisbarry.com/film/coherence-2013-movie-plot-ending-explained/,63,38
https://www.thisisbarry.com/film/snowpiercer-2013-movie-plot-ending-explained/,61,46
https://www.thisisbarry.com/film/x-men-series-all-movies-timelines-explained/,59,31
https://www.thisisbarry.com/film/kimi-no-na-wa-your-name-2016-movie-plot-ending-explained/,59,34
https://www.thisisbarry.com/film/avengers-endgame-timeline-explained-no-plot-holes/,56,24
https://www.thisisbarry.com/film/cam-movie-ending-explained/,55,14
https://www.thisisbarry.com/film/evolution-2015-movie-plot-ending-explained/,53,43
https://www.thisisbarry.com/film/shutter-island-2010-movie-plot-ending-explained/,49,39
https://www.thisisbarry.com/film/triangle-2009-movie-plot-ending-explained/,44,35
https://www.thisisbarry.com/film/eternal-sunshine-of-the-spotless-mind-2004-movie-plot-ending-explained/,43,10
https://www.thisisbarry.com/film/twelve-monkeys-12-monkeys-1995-plot-ending-explained/,40,18
https://www.thisisbarry.com/film/bubble-explained-anime-plot-and-ending-explained/,39,8
https://www.thisisbarry.com/film/another-earth-2011-movie-plot-ending-explained/,36,23
https://www.thisisbarry.com/film/hereditary-explained-movie-ending/,35,14
https://www.thisisbarry.com/film/contratiempo-invisible-guest-2016-movie-plot-ending-explained/,32,19
https://www.thisisbarry.com/film/every-difference-between-aladdin-1992-and-2019-movies/,32,17
https://www.thisisbarry.com/film/lucy-2014-movie-plot-ending-explained/,31,23
https://www.thisisbarry.com/film/come-true-ending-explained-what-did-it-all-mean/,30,17
https://www.thisisbarry.com/film/oculus-2013-movie-plot-ending-explained/,30,14
https://www.thisisbarry.com/film/simplified-explanation-of-im-thinking-of-ending-things/,30,5
https://www.thisisbarry.com/film/vivarium-movie-explained-what-is-the-meaning-of-it-all/,29,22
https://www.thisisbarry.com/film/korean-movie-the-call-ending-explained-2020-netflix/,29,13
https://www.thisisbarry.com/film/midsommar-explained-2019-film-what-is-it-about/,28,11
https://www.thisisbarry.com/film/vanilla-sky-2001-movie-plot-ending-explained/,28,18
https://www.thisisbarry.com/film/annihilation-2018-movie-plot-ending-explained/,28,17
https://www.thisisbarry.com/film/gokseong-the-wailing-2016-movie-plot-ending-explained/,27,20
https://www.thisisbarry.com/film/loki-timeline-explained-sacred-timeline-and-mcu-timeline/,27,16
https://www.thisisbarry.com/film/a-scanner-darkly-2006-movie-plot-ending-explained/,27,5
https://www.thisisbarry.com/profession/how-i-migrated-from-wix-to-wordpress-in-2020-without-losing-seo-ranking/,26,6
https://www.thisisbarry.com/film/enemy-2013-movie-plot-ending-explained/,26,16
https://www.thisisbarry.com/film/nocturnal-animals-2016-movie-plot-ending-explained/,26,22
https://www.thisisbarry.com/film/the-tomorrow-war-explained-with-timeline-diagrams/,25,11
https://www.thisisbarry.com/film/netflix-dark-family-tree-explained-in-detail-all-seasons/,24,16
https://www.thisisbarry.com/film/primer-2004-movie-plot-ending-explained/,24,14
https://www.thisisbarry.com/book/the-gone-world-ending-explained-tom-sweterlitsch-book/,23,3
https://www.thisisbarry.com/category/film/,23,9
https://www.thisisbarry.com/film/arq-2016-movie-plot-ending-explained/,23,17
https://www.thisisbarry.com/film/horse-girl-ending-explained-director-netflix-movie-meaning/,22,14
https://www.thisisbarry.com/film/the-prestige-explained-ending-and-detailed-plot-analysis/,22,9
https://www.thisisbarry.com/film/a-cure-for-wellness-2016-movie-plot-ending-explained/,21,21
https://www.thisisbarry.com/film/what-happened-to-monday-2017-movie-plot-ending-explained/,21,15
https://www.thisisbarry.com/film/best-time-loop-movies-a-definitive-list/,21,13
https://www.thisisbarry.com/film/the-room-2019-movie-ending-and-plot-explained/,21,8
https://www.thisisbarry.com/film/project-almanac-2015-movie-plotholes-ending-explained/,20,9
https://www.thisisbarry.com/film/the-gift-2015-movie-plot-ending-explained/,20,17
https://www.thisisbarry.com/film/spider-man-no-way-home-explained-heavy-spoilers/,20,12
https://www.thisisbarry.com/film/the-platform-movie-ending-explained-2019-netflix-film/,20,11
https://www.thisisbarry.com/film/swan-lake-black-swan-2010-movie-plot-ending-explained/,19,16
https://www.thisisbarry.com/film/mulholland-drive-explained-simply-with-character-map/,19,13
https://www.thisisbarry.com/film/blade-runner-blade-runner-2049-movie-plot-ending-explained/,19,6
https://www.thisisbarry.com/film/the-matrix-reloaded-2003-movie-plot-simplified-ending-explained/,19,6
https://www.thisisbarry.com/film/parasite-ending-explained-2019-korean-film-gisaengchung/,19,10
https://www.thisisbarry.com/film/ruby-sparks-2012-movie-ending-explained/,19,5
https://www.thisisbarry.com/film/take-shelter-2011-plot-ending-explained/,18,17
https://www.thisisbarry.com/film/goodnight-mommy-explained-what-happened/,18,9
https://www.thisisbarry.com/film/split-2017-movie-plot-ending-explained-unbreakable-2000/,18,12
https://www.thisisbarry.com/film/fight-club-1999-movie-plot-ending-explained/,18,16
https://www.thisisbarry.com/film/batman-v-superman-dawn-of-justice-movie-plot-holes-explained/,18,6
https://www.thisisbarry.com/film/jagten-the-hunt-2012-ending-explained/,18,7
https://www.thisisbarry.com/film/i-origins-2014-movie-plot-ending-explained/,18,7
https://www.thisisbarry.com/film/the-night-house-explained-two-possible-explanations/,17,5
https://www.thisisbarry.com/film/circle-movie-explained-2015-netflix-circle-ending-explained/,17,14
https://www.thisisbarry.com/film/the-matrix-revolutions-2003-movie-plot-simplified-ending-explained/,16,9
https://www.thisisbarry.com/film/edge-of-tomorrow-2014-movie-vs-book-plot-hole-explained/,16,16
https://www.thisisbarry.com/film/into-the-spider-verse-film-comic-characters-comparison/,16,13
https://www.thisisbarry.com/movie/the-prestige-alternate-theory-the-machine-didnt-work/,16,7
https://www.thisisbarry.com/film/the-awakening-ending-explained-2011-film-plot-analysis/,16,6
https://www.thisisbarry.com/film/burning-movie-explained-directors-views-korean-film/,16,14
https://www.thisisbarry.com/film/infinity-stones-and-their-path-in-the-marvel-movies/,16,11
https://www.thisisbarry.com/film/in-the-shadow-of-the-moon-explained-2019-netflix/,16,3
https://www.thisisbarry.com/film/the-killing-of-a-sacred-deer-ending-explained/,16,11
https://www.thisisbarry.com/movie/se7en-seven-ending-explained-a-detailed-plot-analysis/,15,11
https://www.thisisbarry.com/film/after-life-2009-movie-plot-ending-explained/,15,13
https://www.thisisbarry.com/film/game-over-2019-ending-explained-conclusive-evidence/,15,5
https://www.thisisbarry.com/film/christopher-nolans-inception-was-the-ending-a-dream-or-reality/,15,10
https://www.thisisbarry.com/film/hatching-movie-ending-explained-was-the-monster-real/,15,8
https://www.thisisbarry.com/film/the-thirteenth-floor-1999-movie-plot-ending-explained/,14,14
https://www.thisisbarry.com/film/her-2013-movie-plot-ending-explained/,14,10
https://www.thisisbarry.com/film/a-quiet-place-2018-movie-plot-holes-explained/,13,3
https://www.thisisbarry.com/film/titane-explained-movie-plot-and-ending/,13,9
https://www.thisisbarry.com/film/the-wind-explained-2018-film-ending-explained/,13,9
https://www.thisisbarry.com/film/melancholia-2011-movie-plot-ending-explained/,13,6
https://www.thisisbarry.com/film/andhadhun-ending-explained-what-really-happened/,13,7
https://www.thisisbarry.com/film/netflix-dark-things-and-people-created-due-to-the-bootstrap-paradox/,13,10
https://www.thisisbarry.com/film/get-out-2017-movie-plot-ending-explained/,13,10
https://www.thisisbarry.com/film/41-movie-explained-2012-film-plot-and-ending-analysis/,13,6
https://www.thisisbarry.com/film/magnolia-1999-movie-plot-ending-explained/,13,6
https://www.thisisbarry.com/film/the-endless-2017-explained-connection-to-resolution-2012/,13,8
https://www.thisisbarry.com/film/time-lapse-2014-movie-plot-ending-explained/,12,4
https://www.thisisbarry.com/film/mirage-movie-explained-durante-la-tormenta-2018/,12,10
https://www.thisisbarry.com/film/somnio-infinity-chamber-2016-movie-plot-ending-explained/,12,9
https://www.thisisbarry.com/film/upstream-color-2013-movie-plot-ending-explained/,12,12
https://www.thisisbarry.com/film-review/the-great-gatsby-2013-film-review/,12,2
https://www.thisisbarry.com/film/matrix-movies-explained-matrix-trilogy-quick-summary/,12,8
https://www.thisisbarry.com/film/witness-ending-explained-love-death-robots/,12,9
https://www.thisisbarry.com/film/looper-2012-movie-plot-ending-explained/,11,7
https://www.thisisbarry.com/film/irreversible-2002-movie-plot-ending-explained/,11,8
https://www.thisisbarry.com/film/murder-on-the-orient-express-ending-explained-2017-movie-illustration/,11,5
https://www.thisisbarry.com/film/terminator-film-series-all-plots-explained/,11,8
https://www.thisisbarry.com/film/possessor-ending-explained-with-plot-walkthrough/,11,3
https://www.thisisbarry.com/film/its-such-a-beautiful-day-movie-explained-a-short-analysis/,11,3
https://www.thisisbarry.com/film/time-trap-ending-explained-with-detailed-plot-analysis/,11,7
https://www.thisisbarry.com/film/palm-springs-plot-and-ending-explained-dinosaurs-too/,11,8
https://www.thisisbarry.com/film/archive-movie-explained-plot-analysis-and-ending/,11,7
https://www.thisisbarry.com/film/fractured-movie-ending-explained-2019-netflix/,11,7
https://www.thisisbarry.com/film/truth-or-dare-2018-movie-plot-ending-explained/,11,8
https://www.thisisbarry.com/film/malignant-movie-explained-plot-and-ending/,10,5
https://www.thisisbarry.com/film/thoroughbreds-ending-explained-in-short-2017-movie/,10,4
https://www.thisisbarry.com/film/the-cloverfield-paradox-2018-movie-plot-ending-explained/,10,7
https://www.thisisbarry.com/film/the-map-of-tiny-perfect-things-ending-explained/,10,6
https://www.thisisbarry.com/film/los-ojos-de-julia-julias-eyes-2010-movie-plot-ending-explained/,10,9
https://www.thisisbarry.com/film/logan-2017-movie-plot-ending-explained/,10,9
https://www.thisisbarry.com/film/jupiter-ascending-2015-movie-plot-holes-explained/,10,6
https://www.thisisbarry.com/film/last-night-in-soho-ending-explained/,10,7
https://www.thisisbarry.com/film/synchronic-movie-explained-plot-and-ending-explained/,9,5
https://www.thisisbarry.com/film/geralds-game-ending-explained-2017-movie/,9,8
https://www.thisisbarry.com/film/passengers-2016-movie-plot-ending-explained/,9,7
https://www.thisisbarry.com/film/martyrs-2008-movie-plot-ending-explained/,9,9
https://www.thisisbarry.com/film/the-world-of-kanako-2014-movie-plot-ending-explained/,9,4
https://www.thisisbarry.com/film/life-2017-movie-plot-ending-explained/,8,6
https://www.thisisbarry.com/film/jonathan-2018-movie-ending-explained/,8,2
https://www.thisisbarry.com/film/extraction-extracted-2012-plot-ending-explained/,8,3
https://www.thisisbarry.com/film/nocturne-ending-explained-2020-movie/,8,3
https://www.thisisbarry.com/film/everything-everywhere-all-at-once-explained-multiverse-is-not-real/,8,5
https://www.thisisbarry.com/film/beyond-the-aquila-rift-ending-explained-love-death-robots/,8,6
https://www.thisisbarry.com/film/us-movie-explained-2019-film-us-explained/,8,6
https://www.thisisbarry.com/film/resolution-2012-movie-explained-the-endless-2017-prequel/,8,6
https://www.thisisbarry.com/film/the-devils-advocate-1997-movie-plot-ending-explained/,8,8
https://www.thisisbarry.com/film/oxygen-movie-ending-explained-with-plot-walkthrough/,8,4
https://www.thisisbarry.com/film/parallel-movie-explained-plot-holes-and-fixes/,8,6
https://www.thisisbarry.com/film/dogtooth-ending-explained-with-plot-analysis/,8,4
https://www.thisisbarry.com/film/automata-movie-plot-and-ending-explained/,8,3
https://www.thisisbarry.com/film/a-ghost-story-2017-movie-plot-ending-explained/,8,6
https://www.thisisbarry.com/film/cabin-in-the-woods-ending-explained/,8,6
https://www.thisisbarry.com/film/x-men-apocalypse-2016-movie-plot-holes-explained/,8,6
https://www.thisisbarry.com/film/interstellar-2014-movie-plot-holes-explained/,7,4
https://www.thisisbarry.com/film/bird-box-explained-movie-plot-ending/,7,5
https://www.thisisbarry.com/film/most-complex-time-travel-movies-executed-well/,7,6
https://www.thisisbarry.com/film/netflix-dark-complete-jonas-timeline-explained-with-diagram/,7,4
https://www.thisisbarry.com/best-mind-bending-movies-explained-browse-in-alphabetic-order/,7,6
https://www.thisisbarry.com/videos/indian-head-nod-explained/,7,4
https://www.thisisbarry.com/film/the-lie-ending-explained-2018-movie/,7,4
https://www.thisisbarry.com/film/korean-movie-house-of-the-disappeared-explained/,7,3
https://www.thisisbarry.com/film/collateral-beauty-2016-movie-plot-ending-explained/,7,4
https://www.thisisbarry.com/film/kill-list-2011-movie-plot-ending-explained/,7,6
https://www.thisisbarry.com/film/upgrade-movie-ending-explained-with-plot-synopsis/,7,7
https://www.thisisbarry.com/where-to-watch-search-any-movie-or-series/,7,5
https://www.thisisbarry.com/film/tinker-tailor-soldier-spy-2011-movie-plot-ending-explained/,7,5
https://www.thisisbarry.com/film/jibaro-ending-explained-love-death-and-robots/,7,7
https://www.thisisbarry.com/film/amazing-movies-filmed-in-a-single-location/,6,6
https://www.thisisbarry.com/film/stay-2005-movie-plot-explained-explained/,6,5
https://www.thisisbarry.com/film/the-invisible-2007-movie-plot-ending-explained/,6,5
https://www.thisisbarry.com/movie/10-best-sci-fi-horror-movies-a-must-watch-list/,6,5
https://www.thisisbarry.com/film/the-adam-project-plot-and-ending-explained-timeline-diagram/,6,5
https://www.thisisbarry.com/film/blow-the-man-down-ending-and-full-plot-explained/,6,4
https://www.thisisbarry.com/film/the-thinning-2016-movie-plot-ending-explained/,6,3
https://www.thisisbarry.com/film/red-lights-2012-movie-plot-ending-explained/,6,5
https://www.thisisbarry.com/film/how-it-ends-2018-movie-explained-in-short/,6,5
https://www.thisisbarry.com/film/colossal-2017-movie-plot-ending-explained/,5,4
https://www.thisisbarry.com/film/i-am-mother-ending-explained-plot-spoiler-2019/,5,4
https://www.thisisbarry.com/film/mother-2017-movie-plot-ending-explained/,5,5
https://www.thisisbarry.com/film/the-sixth-sense-1999-movie-plot-ending-explained/,5,4
https://www.thisisbarry.com/battr-score-barrys-time-travel-review-score-explained/,5,3
https://www.thisisbarry.com/film/bliss-movie-explained-plot-analysis-and-ending/,5,5
https://www.thisisbarry.com/film/braid-2018-movie-plot-and-ending-explained/,5,5
https://www.thisisbarry.com/film/moon-2009-movie-plot-ending-explained/,5,5
https://www.thisisbarry.com/film/promising-young-woman-ending-explained/,5,3
https://www.thisisbarry.com/film/madeo-mother-2009-korean-movie-ending-explained/,5,4
https://www.thisisbarry.com/film/swallow-movie-explained-what-is-the-movie-about/,5,3
https://www.thisisbarry.com/film/side-effects-2013-movie-plot-ending-explained/,5,5
https://www.thisisbarry.com/film/kokuhaku-confessions-2010-movie-plot-ending-explained/,5,5
https://www.thisisbarry.com/film/the-secret-in-their-eyes-2009-spanish-movie-plot-ending-explained/,5,5
https://www.thisisbarry.com/film/worm-anti-matter-2017-movie-plot-ending-explained/,5,5
https://www.thisisbarry.com/quiz/ultimate-science-fiction-movie-quiz-lets-see-what-youve-got/,4,3
https://www.thisisbarry.com/film/aladdin-1992-why-doesnt-he-lend-the-lamp-to-someone-else-for-more-wishes/,4,3
https://www.thisisbarry.com/film/ak-nyeo-the-villainess-2017-movie-plot-ending-explained/,4,3
https://www.thisisbarry.com/film/fresh-movie-ending-explained-in-short/,4,3
https://www.thisisbarry.com/film/jigarthanda-2014-movie-plot-ending-explained/,4,4
https://www.thisisbarry.com/film/the-lobster-explained-film-analysis-and-ending-explained/,4,4
https://www.thisisbarry.com/film/dark-series-ending-explained-the-origin-world-what-happened/,4,4
https://www.thisisbarry.com/film/the-jacket-explained-2005-movie-plot-ending/,4,4
https://www.thisisbarry.com/film/ah-ga-ssi-the-handmaiden-2016-movie-plot-ending-explained/,4,4
https://www.thisisbarry.com/film/h0us3-plot-and-ending-explained-2018-spanish-film/,4,2
https://www.thisisbarry.com/film/how-are-the-jumanji-movies-connected/,4,4
https://www.thisisbarry.com/film/the-neon-demon-explained-what-is-it-about/,4,2
https://www.thisisbarry.com/film/source-code-2011-movie-plot-ending-explained/,4,3
https://www.thisisbarry.com/film/i-lost-my-body-explained-simply-2019-netflix/,4,4
https://www.thisisbarry.com/film/death-note-live-action-movies-endings-explained/,4,3
https://www.thisisbarry.com/film/old-movie-ending-explained-with-plot-analysis/,4,2
https://www.thisisbarry.com/film/the-door-into-summer-explained-japanese-film/,4,4
https://www.thisisbarry.com/film/buried-2010-movie-plot-ending-explained/,4,4
https://www.thisisbarry.com/film/aku-no-kyoten-lesson-of-the-evil-2012-movie-plot-ending-explained/,4,3
https://www.thisisbarry.com/film/kung-fu-killer-2014-movie-plot-review/,4,3
https://www.thisisbarry.com/film/andhadhun-plot-things-you-might-have-missed/,4,3
https://www.thisisbarry.com/film/the-infinite-man-ending-explained-2014-film/,4,3
https://www.thisisbarry.com/film/revolver-movie-explained-2005-film-detailed-analysis/,4,4
https://www.thisisbarry.com/film/the-power-of-the-dog-ending-explained/,4,4
https://www.thisisbarry.com/film/a-day-korean-movie-explained-why-are-they-looping/,4,2
https://www.thisisbarry.com/film/zima-blue-ending-explained-love-death-robots/,4,4
https://www.thisisbarry.com/film/shimmer-lake-explained-in-chronological-order/,4,2
https://www.thisisbarry.com/film/tumbbad-explained-story-and-ending/,4,4
https://www.thisisbarry.com/film/celda-211-cell-211-2009-movie-explained-in-short/,4,4
https://www.thisisbarry.com/film/the-drop-2014-movie-plot-ending-explained/,4,3
https://www.thisisbarry.com/film/suspiria-ending-explained-2018-suspiria-explained/,4,3
https://www.thisisbarry.com/videos/the-original-indian-alphabet-song/,4,3
https://www.thisisbarry.com/movie/dead-poets-society-main-message-and-why-paper-writing-is-important/,3,2
https://www.thisisbarry.com/film/sonnies-edge-ending-explained-love-death-robots/,3,3
https://www.thisisbarry.com/privacy-policy-for-www-thisisbarry-com/,3,2
https://www.thisisbarry.com/tag/thriller/,3,2
https://www.thisisbarry.com/tag/romantic/,3,2
https://www.thisisbarry.com/movie/i-care-a-lot-plot-and-character-analysis/,3,2
https://www.thisisbarry.com/film/the-babysitter-2017-movie-explained-in-short/,3,3
https://www.thisisbarry.com/film/glass-movie-explained-2019-film-plot-ending/,3,3
https://www.thisisbarry.com/subscribe/,3,2
https://www.thisisbarry.com/movie/detective-pikachu-2019-movie-review/,3,1
https://www.thisisbarry.com/film/the-martian-2015-movie-plot-ending-explained/,3,3
https://www.thisisbarry.com/film/censor-movie-explained-plot-and-ending-explained/,3,3
https://www.thisisbarry.com/film/umma-explained-korean-movie-ending-explained/,3,2
https://www.thisisbarry.com/film/the-incident-movie-explained-what-did-it-all-mean/,3,3
https://www.thisisbarry.com/film/no-country-for-old-men-ending-explained/,3,3
https://www.thisisbarry.com/film/little-fish-ending-explained-2020-movie/,3,3
https://www.thisisbarry.com/film/ghost-stories-2017-ending-explained-with-plot-analysis/,3,3
https://www.thisisbarry.com/profile/,3,2
https://www.thisisbarry.com/tag/time-travel/,3,2
https://www.thisisbarry.com/film/jin-yi-wei-14-blades-2010-movie-explained-in-short/,3,3
https://www.thisisbarry.com/film/suits-ending-explained-love-death-robots/,3,1
https://www.thisisbarry.com/movie/starfish-movie-recommendation-and-explanation/,3,3
https://www.thisisbarry.com/film/the-one-i-love-movie-ending-explained/,3,2
https://www.thisisbarry.com/pelikula/what-happened-to-monday-paliwanag-ng-pelikula-2017/,3,1
https://www.thisisbarry.com/film/tallulah-ending-explained-2016-movie/,3,3
https://www.thisisbarry.com/film/blood-punch-explained-and-meaning-of-the-ending/,3,3
https://www.thisisbarry.com/funny-videos/,3,2
https://www.thisisbarry.com/film/the-one-i-love-plot-explained/,3,3
https://www.thisisbarry.com/tag/drama/,3,2
https://www.thisisbarry.com/movie/body-brokers-explained-with-character-analysis/,3,3
https://www.thisisbarry.com/cinema/tombstone-rashomon-independent-cinema-review/,3,2
https://www.thisisbarry.com/film/the-fare-movie-explained-what-actually-happened/,3,2
https://www.thisisbarry.com/film/swarm-ending-explained-love-death-and-robots/,3,3
https://www.thisisbarry.com/cookie-policy-us/,3,2
https://www.thisisbarry.com/film/bird-box-book-vs-movie-comparison/,3,3
https://www.thisisbarry.com/hollywordle-the-hollywood-movie-wordle-game/,3,3
https://www.thisisbarry.com/film/john-wick-2014-movie-plot-holes-explained/,2,2
https://www.thisisbarry.com/film/most-interesting-mechanics-of-time-travel-in-films/,2,2
https://www.thisisbarry.com/tag/crime/,2,2
https://www.thisisbarry.com/movie/the-host-explanation-and-analysis-2006-korean-film/,2,2
https://www.thisisbarry.com/film/under-the-skin-2013-movie-plot-ending-explained/,2,2
https://www.thisisbarry.com/film/extinction-2018-movie-plot-ending-explained/,2,2
https://www.thisisbarry.com/film/bin-jip-3-iron-2004-movie-plot-ending-explained/,2,2
https://www.thisisbarry.com/film/churuli-explained-plot-and-ending-explained/,2,2
https://www.thisisbarry.com/film/bottom-of-the-world-explained-2017-netflix-film-analysis/,2,1
https://www.thisisbarry.com/about-us/,2,2
https://www.thisisbarry.com/barry-the-boss-music-videos/,2,2
https://www.thisisbarry.com/film/how-movies-could-have-abruptly-ended/,2,2
https://www.thisisbarry.com/film/hamoni-harmony-2015-movie-plot-ending-explained/,2,2
https://www.thisisbarry.com/film/2001-a-space-odyssey-explained-simply/,2,1
https://www.thisisbarry.com/film/the-head-hunter-ending-explained-2019-film/,2,2
https://www.thisisbarry.com/film/gone-girl-2014-movie-plot-holes-explained/,2,2
https://www.thisisbarry.com/film/filth-movie-explained-plot-and-ending-explained/,2,2
https://www.thisisbarry.com/contact/,2,2
https://www.thisisbarry.com/tag/science-fiction/,2,2
https://www.thisisbarry.com/film/elizabeth-harvest-explained-what-is-the-film-about/,2,2
https://www.thisisbarry.com/tag/fantasy/,2,2
https://www.thisisbarry.com/film/room-in-rome-2010-movie-explained-in-short/,2,2
https://www.thisisbarry.com/category/profession/,2,2
https://www.thisisbarry.com/movie/jesse-stone-innocents-lost-movie-analysis/,2,2
https://www.thisisbarry.com/tag/psychological-thriller/,2,2
https://www.thisisbarry.com/tag/action/,2,2
https://www.thisisbarry.com/cinema/roe-v-wade-2021-interview-with-nick-loeb/,2,1
https://www.thisisbarry.com/category/cinema/,2,2
https://www.thisisbarry.com/movie/mr-nobody-plot-and-ending-explained/,2,2
https://www.thisisbarry.com/film/let-the-right-one-in-2008-swedish-ending-explained/,2,2
https://www.thisisbarry.com/film/rememory-explained-in-detail-who-killed-gordon/,2,2
https://www.thisisbarry.com/travel/things-to-do-in-rome-in-two-and-half-days/,2,1
https://www.thisisbarry.com/film/minor-premise-ending-explained-with-movie-walkthrough/,2,2
https://www.thisisbarry.com/movie/the-half-of-it-identifying-oneself-before-finding-the-better-half/,2,2
https://www.thisisbarry.com/film/sound-of-my-voice-explained-is-maggie-a-time-traveller/,2,2
https://www.thisisbarry.com/film/the-discovery-2017-movie-plot-ending-explained/,2,2
https://www.thisisbarry.com/tag/comedy/,2,2
https://www.thisisbarry.com/category/movie/,2,2
https://www.thisisbarry.com/film/synchronicity-movie-explained-full-plot-and-ending/,2,2
https://www.thisisbarry.com/film/los-cronocrimenes-timecrimes-2007-movie-plot-ending-explained/,2,2
https://www.thisisbarry.com/movie/night-watch-2004-explained-plot-analysis-and-ending/,2,2
https://www.thisisbarry.com/film/mine-games-explained-movie-plot-and-ending/,2,2
https://www.thisisbarry.com/film/superman-returns-2006-why-it-was-horrible/,2,2
https://www.thisisbarry.com/film/scarlet-innocence-2014-movie-plot-ending-explained/,2,2
https://www.thisisbarry.com/film/10-cloverfield-lane-2016-movie-plot-ending-explained/,2,2
https://www.thisisbarry.com/film/the-good-liar-ending-explained-book-vs-movie/,2,2
https://www.thisisbarry.com/film/jian-yu-reign-of-assassins-2010-movie-plot-ending-explained/,2,2
https://www.thisisbarry.com/film/navarasa-project-agni-plot-and-ending-explained/,2,2
https://www.thisisbarry.com/film/clouds-of-sils-maria-2013-explained-what-happened-to-valentine/,2,2
https://www.thisisbarry.com/film/otherlife-2017-movie-plot-ending-explained/,2,1
https://www.thisisbarry.com/movie/10-movies-that-inspire-to-write/,1,1
https://www.thisisbarry.com/film/the-zero-theorem-2013-movie-plot-ending-explained/,1,1
https://www.thisisbarry.com/movie/star-wars-franchise-analysis-what-makes-darth-vader-an-iconic-villain/,1,1
https://www.thisisbarry.com/film/thoongavanam-tamil-movie-explained/,1,1
https://www.thisisbarry.com/film/brainstorm-movie-explained-1983-film-plot-and-ending/,1,1
https://www.thisisbarry.com/film/money-monster-2016-movie-plot-ending-explained/,1,1
https://www.thisisbarry.com/film/cj7-2008-hong-kong-review/,1,1
https://www.thisisbarry.com/film/dream-house-explained-what-really-happened/,1,1
https://www.thisisbarry.com/film/the-guilty-ending-explained-all-questions-answered/,1,1
https://www.thisisbarry.com/film/happy-death-day-2017-movie-plot-ending-explained/,1,1
https://www.thisisbarry.com/padam/parasite-movie-explained-in-tamil/,1,1
https://www.thisisbarry.com/film/kabali-2016-everything-that-went-wrong/,1,1
https://www.thisisbarry.com/movie/american-psycho-explained-plot-and-ending/,1,1
https://www.thisisbarry.com/movie/one-day-why-it-stands-out-in-the-sea-of-mediocre-romantic-films/,1,1
https://www.thisisbarry.com/cinema/greatland-2020-analysis-interview-with-director-dana-ziyasheva/,1,1
https://www.thisisbarry.com/film/amores-perros-2000-plot-explained/,1,1
https://www.thisisbarry.com/film/velvet-buzzsaw-plot-ending-explained/,1,1
https://www.thisisbarry.com/film/trance-2013-movie-explained-plot-and-ending-explained/,1,1
https://www.thisisbarry.com/cinema/first-bite-2020-interview-with-director-vincenzo-nappi/,1,1
https://www.thisisbarry.com/film/nuit-blanche-sleepless-night-2011-movie-plot-explained/,1,1
https://www.thisisbarry.com/film/the-nice-guys-2016-movie-plot-ending-explained/,1,1
https://www.thisisbarry.com/film/submergence-2017-movie-explained-in-short/,1,1
https://www.thisisbarry.com/film/fracture-movie-ending-explained-2007-film/,1,1
https://www.thisisbarry.com/film/the-dump-ending-explained-love-death-robots/,1,1
https://www.thisisbarry.com/film/wolverine-2013-movie-explained-in-short/,1,1
https://www.thisisbarry.com/film/black-box-explained-2020-movie-ending-explained/,1,1
https://www.thisisbarry.com/film/murder-by-numbers-2002-movie-plot-ending-explained/,1,1
https://www.thisisbarry.com/film/the-little-things-ending-explained-with-plot-summary/,1,1
https://www.thisisbarry.com/film/the-vast-of-night-explained-with-directors-views/,1,1
https://www.thisisbarry.com/film/who-am-i-plot-and-ending-explained-2014-netflix-film/,1,1
https://www.thisisbarry.com/film/haunter-explained-movie-plot-and-ending/,1,1
https://www.thisisbarry.com/film/morgan-2016-movie-plot-ending-explained/,1,1
https://www.thisisbarry.com/film/jiang-hu-triad-underworld-2004-movie-plot-explained/,1,1
https://www.thisisbarry.com/tag/horror/,1,1
https://www.thisisbarry.com/film/elle-2016-movie-plot-ending-explained/,1,1
https://www.thisisbarry.com/film/hypnotic-movie-plot-and-ending-explained/,1,1
https://www.thisisbarry.com/cinema/the-red-resurrection-an-interview-with-matt-long/,1,1